Disease,Fever,Difficulty Breathing,Age,Gender,Blood Pressure,Cholesterol Level,Outcome Variable,Disease_code
Influenza,1,1,19,1,0,1,1,0
Influenza,1,1,25,1,1,1,1,0
Asthma,1,1,28,0,2,1,1,3
Asthma,1,1,30,1,1,1,1,3
Influenza,1,0,30,0,2,1,1,0
Influenza,1,1,30,1,1,1,1,0
Migraine,1,0,31,1,1,1,1,18
Pneumonia,1,1,32,1,2,1,1,31
Asthma,1,1,35,0,1,1,1,3
Migraine,0,0,35,0,2,2,1,18
Migraine,1,0,35,0,2,2,1,18
Diabetes,1,1,38,0,2,0,1,7
Migraine,1,0,38,0,2,2,1,18
Pneumonia,1,1,38,0,1,1,1,31
Pneumonia,1,1,40,1,1,2,1,31
Diabetes,1,0,42,0,2,1,1,7
Pneumonia,0,1,43,1,2,1,1,31
Asthma,1,1,45,0,1,1,1,3
Diabetes,1,0,45,1,2,2,1,7
Diabetes,0,0,45,0,1,2,1,7
Hypertension,1,0,45,0,1,2,1,35
Pneumonia,1,1,45,0,2,2,1,31
Asthma,1,1,50,1,1,2,1,3
Hypertension,1,0,55,0,2,1,1,35
Influenza,1,1,56,0,2,2,1,0
Asthma,1,1,60,1,2,2,1,3
Hypertension,0,0,60,1,2,1,1,35
Hypertension,1,0,60,0,2,1,1,35
Hypertension,0,0,60,1,2,2,1,35
Diabetes,1,0,65,1,1,2,1,7
Migraine,0,0,70,1,1,1,1,18
